01ª DELEGACIA DE POLÍCIA DE TRINDADE,16ª DELEGACIA REGIONAL DE POLÍCIA DE TRINDADE,TRINDADE
01ª DELEGACIA DE POLICIA DISTRITAL DE ANÁPOLIS,03ª DELEGACIA REGIONAL DE POLÍCIA DE ANÁPOLIS,ANÁPOLIS
01ª DELEGACIA DE POLÍCIA DISTRITAL DE APARECIDA DE GOIÂNIA,02ª DELEGACIA REGIONAL DE POLÍCIA DE APARECIDA DE GOIÂNIA,APARECIDA DE GOIÂNIA
01ª DELEGACIA DISTRITAL DE POLÍCIA DE GOIÂNIA,01ª DELEGACIA REGIONAL DE POLÍCIA DE GOIÂNIA,GOIÂNIA
01ª DELEGACIA ESPECIALIZADA NO ATENDIMENTO À MULHER DE GOIÂNIA - REGIÃO CENTRO,01ª DELEGACIA REGIONAL DE POLÍCIA DE GOIÂNIA,GOIÂNIA
01ª DELEGACIA REGIONAL DE POLÍCIA DE GOIÂNIA,SUPERINTENDENCIA DE POLÍCIA JUDICIÁRIA,GOIÂNIA
02ª DELEGACIA DE POLÍCIA DE TRINDADE,16ª DELEGACIA REGIONAL DE POLÍCIA DE TRINDADE,TRINDADE
02ª DELEGACIA DE POLÍCIA DISTRITAL DE ANÁPOLIS,03ª DELEGACIA REGIONAL DE POLÍCIA DE ANÁPOLIS,ANÁPOLIS
02ª DELEGACIA DE POLÍCIA DISTRITAL DE APARECIDA DE GOIÂNIA,02ª DELEGACIA REGIONAL DE POLÍCIA DE APARECIDA DE GOIÂNIA,APARECIDA DE GOIÂNIA
02ª DELEGACIA DISTRITAL DE POLÍCIA DE GOIÂNIA,01ª DELEGACIA REGIONAL DE POLÍCIA DE GOIÂNIA,GOIÂNIA
02ª DELEGACIA ESPECIALIZADA NO ATENDIMENTO À MULHER DE GOIÂNIA - REGIÃO NOROESTE,01ª DELEGACIA REGIONAL DE POLÍCIA DE GOIÂNIA,GOIÂNIA
02ª DELEGACIA REGIONAL DE POLÍCIA DE APARECIDA DE GOIÂNIA,SUPERINTENDENCIA DE POLÍCIA JUDICIÁRIA,APARECIDA DE GOIÂNIA
03ª DELEGACIA DE POLÍCIA DISTRITAL DE ANÁPOLIS,03ª DELEGACIA REGIONAL DE POLÍCIA DE ANÁPOLIS,ANÁPOLIS
03ª DELEGACIA DE POLÍCIA DISTRITAL DE APARECIDA DE GOIÂNIA,02ª DELEGACIA REGIONAL DE POLÍCIA DE APARECIDA DE GOIÂNIA,APARECIDA DE GOIÂNIA
03ª DELEGACIA DISTRITAL DE POLÍCIA DE GOIÂNIA,01ª DELEGACIA REGIONAL DE POLÍCIA DE GOIÂNIA,GOIÂNIA
03ª DELEGACIA REGIONAL DE POLÍCIA DE ANÁPOLIS,SUPERINTENDÊNCIA DE POLÍCIA JUDICIÁRIA,ANÁPOLIS
04ª DELEGACIA DE POLÍCIA DISTRITAL DE ANÁPOLIS,03ª DELEGACIA REGIONAL DE POLÍCIA DE ANÁPOLIS,ANÁPOLIS
04ª DELEGACIA DE POLÍCIA DISTRITAL DE APARECIDA DE GOIÂNIA,02ª DELEGACIA REGIONAL DE POLÍCIA DE APARECIDA DE GOIÂNIA,APARECIDA DE GOIÂNIA
04ª DELEGACIA DISTRITAL DE POLÍCIA DE GOIÂNIA,01ª DELEGACIA REGIONAL DE POLÍCIA DE GOIÂNIA,GOIÂNIA
04ª DELEGACIA REGIONAL DE POLÍCIA DA CIDADE DE GOIÁS,SUPERINTENDÊNCIA DE POLÍCIA JUDICIÁRIA,CIDADE DE GOIÁS
05ª DELEGACIA DE POLÍCIA DISTRITAL DE ANÁPOLIS,03ª DELEGACIA REGIONAL DE POLÍCIA DE ANÁPOLIS,ANÁPOLIS
05ª DELEGACIA DE POLÍCIA DISTRITAL DE APARECIDA DE GOIÂNIA,02ª DELEGACIA REGIONAL DE POLÍCIA DE APARECIDA DE GOIÂNIA,APARECIDA DE GOIÂNIA
05ª DELEGACIA DISTRITAL DE POLÍCIA DE GOIÂNIA,01ª DELEGACIA REGIONAL DE POLÍCIA DE GOIÂNIA,GOIÂNIA
05ª DELEGACIA REGIONAL DE POLÍCIA DE LUZIÂNIA,SUPERINTENDENCIA DE POLÍCIA JUDICIÁRIA,LUZIÂNIA
06ª DELEGACIA DE POLÍCIA DISTRITAL DE ANÁPOLIS,03ª DELEGACIA REGIONAL DE POLÍCIA DE ANÁPOLIS,ANÁPOLIS
06ª DELEGACIA DE POLÍCIA DISTRITAL DE APARECIDA DE GOIÂNIA,02ª DELEGACIA REGIONAL DE POLÍCIA DE APARECIDA DE GOIÂNIA,APARECIDA DE GOIÂNIA
06ª DELEGACIA DISTRITAL DE POLÍCIA DE GOIÂNIA,01ª DELEGACIA REGIONAL DE POLÍCIA DE GOIÂNIA,GOIÂNIA
06ª DELEGACIA REGIONAL DE POLÍCIA DE ITUMBIARA,SUPERINTENDÊNCIA DE POLÍCIA JUDICIÁRIA,ITUMBIARA
07ª DELEGACIA DE POLÍCIA DISTRITAL DE ANÁPOLIS,03ª DELEGACIA REGIONAL DE POLÍCIA DE ANÁPOLIS,ANÁPOLIS
07ª DELEGACIA DE POLÍCIA DISTRITAL DE APARECIDA DE GOIÂNIA,02ª DELEGACIA REGIONAL DE POLÍCIA DE APARECIDA DE GOIÂNIA,APARECIDA DE GOIÂNIA
07ª DELEGACIA DISTRITAL DE POLÍCIA DE GOIÂNIA,01ª DELEGACIA REGIONAL DE POLÍCIA DE GOIÂNIA,GOIÂNIA
07ª DELEGACIA REGIONAL DE POLÍCIA DE IPORÁ,SUPERINTENDENCIA DE POLÍCIA JUDICIÁRIA,IPORÁ
08ª DELEGACIA DISTRITAL DE POLÍCIA DE GOIÂNIA,01ª DELEGACIA REGIONAL DE POLÍCIA DE GOIÂNIA,GOIÂNIA
08ª DELEGACIA REGIONAL DE POLÍCIA DE RIO VERDE,SUPERINTENDENCIA DE POLÍCIA JUDICIÁRIA,RIO VERDE
09ª DELEGACIA DISTRITAL DE POLÍCIA DE GOIÂNIA,01ª DELEGACIA REGIONAL DE POLÍCIA DE GOIÂNIA,GOIÂNIA
09ª DELEGACIA REGIONAL DE POLÍCIA DE CATALÃO,SUPERINTENDÊNCIA DE POLÍCIA JUDICIÁRIA,CATALÃO
10ª DELEGACIA DISTRITAL DE POLÍCIA DE GOIÂNIA,01ª DELEGACIA REGIONAL DE POLÍCIA DE GOIÂNIA,GOIÂNIA
10ª DELEGACIA REGIONAL DE POLÍCIA DE CERES,SUPERINTENDÊNCIA DE POLÍCIA JUDICIÁRIA,CERES
11ª DELEGACIA DISTRITAL DE POLÍCIA DE GOIÂNIA,01ª DELEGACIA REGIONAL DE POLÍCIA DE GOIÂNIA,GOIÂNIA
11ª DELEGACIA REGIONAL DE POLÍCIA DE FORMOSA,SUPERINTENDENCIA DE POLÍCIA JUDICIÁRIA,FORMOSA
12ª DELEGACIA DISTRITAL DE POLÍCIA DE GOIÂNIA,01ª DELEGACIA REGIONAL DE POLÍCIA DE GOIÂNIA,GOIÂNIA
12ª DELEGACIA REGIONAL DE POLÍCIA DE PORANGATU,SUPERINTENDÊNCIA DE POLÍCIA JUDICIÁRIA,PORANGATU
13ª DELEGACIA DISTRITAL DE POLÍCIA DE GOIÂNIA,01ª DELEGACIA REGIONAL DE POLÍCIA DE GOIÂNIA,GOIÂNIA
13ª DELEGACIA REGIONAL DE POLÍCIA DE POSSE,SUPERINTENDENCIA DE POLÍCIA JUDICIÁRIA,POSSE
14ª DELEGACIA DISTRITAL DE POLÍCIA DE GOIÂNIA,01ª DELEGACIA REGIONAL DE POLÍCIA DE GOIÂNIA,GOIÂNIA
14ª DELEGACIA REGIONAL DE POLÍCIA DE JATAÍ,SUPERINTENDÊNCIA DE POLÍCIA JUDICIÁRIA,JATAÍ
14ª DELEGACIA REGIONAL DE POLÍCIA DE JATAÍ - PLANTÃO,14ª DELEGACIA REGIONAL DE POLÍCIA DE JATAÍ,JATAÍ
15ª DELEGACIA DISTRITAL DE POLÍCIA DE GOIÂNIA,01ª DELEGACIA REGIONAL DE POLÍCIA DE GOIÂNIA,GOIÂNIA
15ª DELEGACIA REGIONAL DE POLÍCIA DE GOIANÉSIA,SUPERINTENDÊNCIA DE POLÍCIA JUDICIÁRIA,GOIANÉSIA
16ª DELEGACIA DISTRITAL DE POLÍCIA DE GOIÂNIA,01ª DELEGACIA REGIONAL DE POLÍCIA DE GOIÂNIA,GOIÂNIA
16ª DELEGACIA REGIONAL DE POLÍCIA DE TRINDADE,SUPERINTENDÊNCIA DE POLÍCIA JUDICIÁRIA,TRINDADE
17ª DELEGACIA DISTRITAL DE POLÍCIA DE GOIÂNIA,01ª DELEGACIA REGIONAL DE POLÍCIA DE GOIÂNIA,GOIÂNIA
17ª DELEGACIA REGIONAL DE POLÍCIA DE ÁGUAS LINDAS DE GOIÁS,SUPERINTENDÊNCIA DE POLÍCIA JUDICIÁRIA,ÁGUAS LINDAS DE GOIÁS
18ª DELEGACIA DISTRITAL DE POLÍCIA DE GOIÂNIA,01ª DELEGACIA REGIONAL DE POLÍCIA DE GOIÂNIA,GOIÂNIA
18ª DELEGACIA REGIONAL DE POLÍCIA DE URUAÇU,SUPERINTENDÊNCIA DE POLÍCIA JUDICIÁRIA,URUAÇU
19ª DELEGACIA DISTRITAL DE POLÍCIA DE GOIÂNIA,01ª DELEGACIA REGIONAL DE POLÍCIA DE GOIÂNIA,GOIÂNIA
19ª DELEGACIA REGIONAL DE POLÍCIA DE CALDAS NOVAS,SUPERINTENDÊNCIA DE POLÍCIA JUDICIÁRIA,CALDAS NOVAS
1ª DELEGACIA DE FORMOSA - CIOPS,11ª DELEGACIA REGIONAL DE POLÍCIA DE FORMOSA,FORMOSA
1ª DELEGACIA DE POLÍCIA DISTRITAL DE CATALÃO,09ª DELEGACIA REGIONAL DE POLÍCIA DE CATALÃO,CATALÃO
1ª DELEGACIA DISTRITAL DE POLÍCIA DE ÁGUAS LINDAS DE GOIÁS,17ª DELEGACIA REGIONAL DE POLÍCIA DE ÁGUAS LINDAS DE GOIÁS,ÁGUAS LINDAS DE GOIÁS
1ª DELEGACIA DISTRITAL DE POLÍCIA DE FORMOSA,11ª DELEGACIA REGIONAL DE POLÍCIA DE FORMOSA,FORMOSA
1ª DELEGACIA DISTRITAL DE POLÍCIA DE ITUMBIARA,06ª DELEGACIA REGIONAL DE POLÍCIA DE ITUMBIARA,ITUMBIARA
1ª DELEGACIA DISTRITAL DE POLÍCIA DE JATAÍ,14ª DELEGACIA REGIONAL DE POLÍCIA DE JATAÍ,JATAÍ
1ª DELEGACIA DISTRITAL DE POLÍCIA DE LUZIÂNIA,05ª DELEGACIA REGIONAL DE POLÍCIA DE LUZIÂNIA,LUZIÂNIA
1ª DELEGACIA DISTRITAL DE POLÍCIA DE RIO VERDE,08ª DELEGACIA REGIONAL DE POLÍCIA DE RIO VERDE,RIO VERDE
1ª DELEGACIA DISTRITAL DE POLÍCIA DE VALPARAÍSO DE GOIÁS,05ª DELEGACIA REGIONAL DE POLÍCIA DE LUZIÂNIA,VALPARAÍSO DE GOIÁS
20ª DELEGACIA DISTRITAL DE POLÍCIA DE GOIÂNIA,01ª DELEGACIA REGIONAL DE POLÍCIA DE GOIÂNIA,GOIÂNIA
21ª DELEGACIA DISTRITAL DE POLÍCIA DE GOIÂNIA,01ª DELEGACIA REGIONAL DE POLÍCIA DE GOIÂNIA,GOIÂNIA
22ª DELEGACIA DISTRITAL DE POLÍCIA DE GOIÂNIA,01ª DELEGACIA REGIONAL DE POLÍCIA DE GOIÂNIA,GOIÂNIA
23ª DELEGACIA DISTRITAL DE POLÍCIA DE GOIÂNIA,01ª DELEGACIA REGIONAL DE POLÍCIA DE GOIÂNIA,GOIÂNIA
24ª DELEGACIA DISTRITAL DE POLÍCIA DE GOIÂNIA,01ª DELEGACIA REGIONAL DE POLÍCIA DE GOIÂNIA,GOIÂNIA
25ª DELEGACIA DISTRITAL DE POLÍCIA DE GOIÂNIA,01ª DELEGACIA REGIONAL DE POLÍCIA DE GOIÂNIA,GOIÂNIA
26ª DELEGACIA DISTRITAL DE POLÍCIA DE GOIÂNIA,01ª DELEGACIA REGIONAL DE POLÍCIA DE GOIÂNIA,GOIÂNIA
2ª DELEGACIA DE FORMOSA - CIOPS,11ª DELEGACIA REGIONAL DE POLÍCIA DE FORMOSA,FORMOSA
2ª DELEGACIA DE POLÍCIA DISTRITAL DE CATALÃO,09ª DELEGACIA REGIONAL DE POLÍCIA DE CATALÃO,CATALÃO
2ª DELEGACIA DISTRITAL DE POLÍCIA DE ÁGUAS LINDAS DE GOIÁS,17ª DELEGACIA REGIONAL DE POLÍCIA DE ÁGUAS LINDAS DE GOIÁS,ÁGUAS LINDAS DE GOIÁS
2ª DELEGACIA DISTRITAL DE POLÍCIA DE FORMOSA,11ª DELEGACIA REGIONAL DE POLÍCIA DE FORMOSA,FORMOSA
2ª DELEGACIA DISTRITAL DE POLÍCIA DE ITUMBIARA,06ª DELEGACIA REGIONAL DE POLÍCIA DE ITUMBIARA,ITUMBIARA
2ª DELEGACIA DISTRITAL DE POLÍCIA DE JATAÍ,14ª DELEGACIA REGIONAL DE POLÍCIA DE JATAÍ,JATAÍ
2ª DELEGACIA DISTRITAL DE POLÍCIA DE LUZIÂNIA,05ª DELEGACIA REGIONAL DE POLÍCIA DE LUZIÂNIA,LUZIÂNIA
2ª DELEGACIA DISTRITAL DE POLÍCIA DE RIO VERDE,08ª DELEGACIA REGIONAL DE POLÍCIA DE RIO VERDE,RIO VERDE
2ª DELEGACIA DISTRITAL DE POLÍCIA DE VALPARAÍSO DE GOIÁS,05ª DELEGACIA REGIONAL DE POLÍCIA DE LUZIÂNIA,VALPARAÍSO DE GOIÁS
ASSESSORIA CONTÁBIL,GABINETE DO DELEGADO-GERAL DA POLÍCIA CIVIL,GOIÂNIA
ASSESSORIA DE IMPRENSA,DELEGACIA GERAL ADJUNTA,GOIÂNIA
ASSESSORIA TÉCNICA DA DGPC,CHEFIA DE GABINETE,GOIÂNIA
CENTRAL DE FLAGRANTES DE RIO VERDE,08ª DELEGACIA REGIONAL DE POLÍCIA DE RIO VERDE,RIO VERDE
CENTRAL DE FLAGRANTES E PRONTO ATENDIMENTO AO CIDADÃO DE CRISTALINA,05ª DELEGACIA REGIONAL DE POLÍCIA DE LUZIÂNIA,CRISTALINA
CENTRAL DE FLAGRANTES E PRONTO ATENDIMENTO AO CIDADÃO DE ITABERAÍ,04ª DELEGACIA REGIONAL DE POLÍCIA DA CIDADE DE GOIÁS,ITABERAÍ
CENTRAL DE FLAGRANTES/FORMOSA,11ª DELEGACIA REGIONAL DE POLÍCIA DE FORMOSA,FORMOSA
CENTRAL DE INQUÉRITOS DE GOIÂNIA,01ª DELEGACIA REGIONAL DE POLÍCIA DE GOIÂNIA,GOIÂNIA
CENTRAL GERAL DE FLAGRANTES DE APARECIDA DE GOIÂNIA,02ª DELEGACIA REGIONAL DE POLÍCIA DE APARECIDA DE GOIÂNIA,APARECIDA DE GOIÂNIA
CENTRAL GERAL DE FLAGRANTES E PRONTO ATENDIMENTO AO CIDADÃO,01ª DELEGACIA REGIONAL DE POLÍCIA DE GOIÂNIA,GOIÂNIA
CENTRAL GERAL DE FLAGRANTES E PRONTO ATENDIMENTO AO CIDADÃO DE CALDAS NOVAS,19ª DELEGACIA REGIONAL DE POLÍCIA DE CALDAS NOVAS,CALDAS NOVAS
CENTRAL GERAL DE FLAGRANTES E PRONTO ATENDIMENTO AO CIDADÃO NA 16ª DRP,16ª DELEGACIA REGIONAL DE POLÍCIA DE TRINDADE,TRINDADE
CENTRO INTEGRADO DE ATENDIMENTO A EMERGÊNCIAS,SUPERINTENDENCIA DE POLÍCIA JUDICIÁRIA,GOIÂNIA
CIRCUNSCRIÇÃO REGIONAL TÉCNICA DA POLÍCIA CIENTÍFICA,03ª DELEGACIA REGIONAL DE POLÍCIA DE ANÁPOLIS,ANÁPOLIS
COMISSÃO DE GESTÃO EM QUALIDADE DA POLÍCIA CIVIL,GERÊNCIA DE GESTÃO E FINANÇAS,GOIÂNIA
COMISSÃO PERMANENTE DE LICITAÇÃO,DIRETORIA GERAL DE POLÍCIA CIVIL,GOIÂNIA
CONSELHO SUPERIOR DA POLÍCIA CIVIL,DIRETORIA GERAL DE POLÍCIA CIVIL,GOIÂNIA
COORDENADORIA DE INFORMÁTICA,DIRETORIA DE APOIO ADMINISTRATIVO E FINANCEIRO,GOIÂNIA
COORDENADORIA DE OPERAÇÕES E RECURSOS ESPECIAIS - CORE (GT3),SUPERINTENDÊNCIA DE POLÍCIA JUDICIÁRIA,GOIÂNIA
DELEGACIA DA ORDEM POLÍTICA E SOCIAL,SUPERINTENDENCIA DE POLÍCIA JUDICIÁRIA,GOIÂNIA
DELEGACIA DE ACREÚNA,08ª DELEGACIA REGIONAL DE POLÍCIA DE RIO VERDE,ACREÚNA
DELEGACIA DE ÁGUAS LINDAS - 1º CIOPS,05ª DELEGACIA REGIONAL DE POLÍCIA DE LUZIÂNIA,ÁGUAS LINDAS DE GOIÁS
DELEGACIA DE ÁGUAS LINDAS - 2º CIOPS,05ª DELEGACIA REGIONAL DE POLÍCIA DE LUZIÂNIA,ÁGUAS LINDAS DE GOIÁS
DELEGACIA DE ALEXÂNIA,17ª DELEGACIA REGIONAL DE POLÍCIA DE ÁGUAS LINDAS DE GOIÁS,ALEXÂNIA
DELEGACIA DE ALTO PARAÍSO DE GOIÁS,11ª DELEGACIA REGIONAL DE POLÍCIA DE FORMOSA,PARAÍSO DE GOIÁS
DELEGACIA DE ALVORADA DO NORTE,13ª DELEGACIA REGIONAL DE POLÍCIA DE POSSE,ALVORADA DO NORTE
DELEGACIA DE ANICUNS,02ª DELEGACIA REGIONAL DE POLÍCIA DE APARECIDA DE GOIÂNIA,ANICUNS
DELEGACIA DE APURAÇÃO DE ATOS INFRACIONAIS/GOIÂNIA,01ª DELEGACIA REGIONAL DE POLÍCIA DE GOIÂNIA,GOIÂNIA
DELEGACIA DE ARAGARÇAS,07ª DELEGACIA REGIONAL DE POLÍCIA DE IPORÁ,ARAGARÇAS
DELEGACIA DE ARUANÃ,04ª DELEGACIA REGIONAL DE POLÍCIA DA CIDADE DE GOIÁS,ARUANÃ
DELEGACIA DE ARUANÃ ,04ª DELEGACIA REGIONAL DE POLÍCIA DA CIDADE DE GOIÁS,ARUANÃ
DELEGACIA DE AURILÂNDIA,07ª DELEGACIA REGIONAL DE POLÍCIA DE IPORÁ,AURILÂNDIA
DELEGACIA DE BARRO ALTO,10ª DELEGACIA REGIONAL DE POLÍCIA DE CERES,BARRO ALTO
DELEGACIA DE BELA VISTA DE GOIÁS,02ª DELEGACIA REGIONAL DE POLÍCIA DE APARECIDA DE GOIÂNIA,BELA VISTA DE GOIÁS
DELEGACIA DE BOM JESUS DE GOIÁS,06ª DELEGACIA REGIONAL DE POLÍCIA DE ITUMBIARA,BOM JESUS DE GOIÁS
DELEGACIA DE BURITI ALEGRE,06ª DELEGACIA REGIONAL DE POLÍCIA DE ITUMBIARA,BURITI ALEGRE
DELEGACIA DE CACHOEIRA ALTA,08ª DELEGACIA REGIONAL DE POLÍCIA DE RIO VERDE,CACHOEIRA ALTA
DELEGACIA DE CAÇU,14ª DELEGACIA REGIONAL DE POLÍCIA DE JATAÍ,CAÇU
DELEGACIA DE CAIAPÔNIA,07ª DELEGACIA REGIONAL DE POLÍCIA DE IPORÁ,CAIAPÔNIA
DELEGACIA DE CALDAS NOVAS,19ª DELEGACIA REGIONAL DE POLÍCIA DE CALDAS NOVAS,CALDAS NOVAS
DELEGACIA DE CAMPINORTE,18ª DELEGACIA REGIONAL DE POLÍCIA DE URUAÇU,CAMPINORTE
DELEGACIA DE CAMPOS BELOS,13ª DELEGACIA REGIONAL DE POLÍCIA DE POSSE,CAMPOS BELOS
DELEGACIA DE CAPTURAS,SUPERINTENDENCIA DE POLÍCIA JUDICIÁRIA,GOIÂNIA
DELEGACIA DE CARMO DO RIO VERDE,10ª DELEGACIA REGIONAL DE POLÍCIA DE CERES,CARMO DO RIO VERDE
DELEGACIA DE CAVALCANTE,13ª DELEGACIA REGIONAL DE POLÍCIA DE POSSE,CAVALCANTE
DELEGACIA DE CERES,10ª DELEGACIA REGIONAL DE POLÍCIA DE CERES,CERES
DELEGACIA DE CIDADE OCIDENTAL,05ª DELEGACIA REGIONAL DE POLÍCIA DE LUZIÂNIA,CIDADE OCIDENTAL
DELEGACIA DE COCALZINHO DE GOIÁS,17ª DELEGACIA REGIONAL DE POLÍCIA DE ÁGUAS LINDAS DE GOIÁS,COCALZINHO DE GOIÁS
DELEGACIA DE CORUMBAÍBA,19ª DELEGACIA REGIONAL DE POLÍCIA DE CALDAS NOVAS,CORUMBAÍBA
DELEGACIA DE CRIMES DE ACIDENTE DE TRÂNSITO,SUPERINTENDENCIA DE POLÍCIA JUDICIÁRIA,GOIÂNIA
DELEGACIA DE CRISTALINA,05ª DELEGACIA REGIONAL DE POLÍCIA DE LUZIÂNIA,CRISTALINA
DELEGACIA DE CRIXÁS,16ª DELEGACIA REGIONAL DE POLÍCIA DE TRINDADE,CRIXÁS
DELEGACIA DE CROMÍNIA,19ª DELEGACIA REGIONAL DE POLÍCIA DE CALDAS NOVAS,CROMÍNIA
DELEGACIA DE CUMARI,09ª DELEGACIA REGIONAL DE POLÍCIA DE CATALÃO,CUMARI
DELEGACIA DE EDÉIA,08ª DELEGACIA REGIONAL DE POLÍCIA DE RIO VERDE,EDÉIA
DELEGACIA DE ESTRELA DO NORTE,12ª DELEGACIA REGIONAL DE POLÍCIA DE PORANGATU,ESTRELA DO NORTE
DELEGACIA DE FAZENDA NOVA,04ª DELEGACIA REGIONAL DE POLÍCIA DA CIDADE DE GOIÁS,FAZENDA NOVA
DELEGACIA DE FIRMINÓPOLIS,07ª DELEGACIA REGIONAL DE POLÍCIA DE IPORÁ,FIRMINÓPOLIS
DELEGACIA DE FORMOSO,12ª DELEGACIA REGIONAL DE POLÍCIA DE PORANGATU,FORMOSO
DELEGACIA DE GOIANDIRA,09ª DELEGACIA REGIONAL DE POLÍCIA DE CATALÃO,GOIANDIRA
DELEGACIA DE GOIANÉSIA,10ª DELEGACIA REGIONAL DE POLÍCIA DE CERES,GOIANÉSIA
DELEGACIA DE GOIATUBA,06ª DELEGACIA REGIONAL DE POLÍCIA DE ITUMBIARA,GOIATUBA
DELEGACIA DE IACIARA,13ª DELEGACIA REGIONAL DE POLÍCIA DE POSSE,IACIARA
DELEGACIA DE INVESTIGAÇÃO DE HOMICÍDIOS,SUPERINTENDENCIA DE POLÍCIA JUDICIÁRIA,GOIÂNIA
DELEGACIA DE IPAMERI,09ª DELEGACIA REGIONAL DE POLÍCIA DE CATALÃO,IPAMERI
DELEGACIA DE IPORÁ,07ª DELEGACIA REGIONAL DE POLÍCIA DE IPORÁ,IPORÁ
DELEGACIA DE ISRAELÂNDIA,07ª DELEGACIA REGIONAL DE POLÍCIA DE IPORÁ,ISRAELÂNDIA
DELEGACIA DE IVOLÂNDIA,07ª DELEGACIA REGIONAL DE POLÍCIA DE IPORÁ,IVOLÂNDIA
DELEGACIA DE JARAGUÁ,15ª DELEGACIA REGIONAL DE POLÍCIA DE GOIANÉSIA,JARAGUÁ
DELEGACIA DE JOVIÂNIA,06ª DELEGACIA REGIONAL DE POLÍCIA DE ITUMBIARA,JOVIÂNIA 
DELEGACIA DE JUSSARA,04ª DELEGACIA REGIONAL DE POLÍCIA DA CIDADE DE GOIÁS,JUSSARA
DELEGACIA DE JUSSARA ,04ª DELEGACIA REGIONAL DE POLÍCIA DA CIDADE DE GOIÁS,JUSSARA
DELEGACIA DE MARA ROSA,12ª DELEGACIA REGIONAL DE POLÍCIA DE PORANGATU,MARA ROSA
DELEGACIA DE MINAÇU,12ª DELEGACIA REGIONAL DE POLÍCIA DE PORANGATU,MINAÇU
DELEGACIA DE MINEIROS,14ª DELEGACIA REGIONAL DE POLÍCIA DE JATAÍ,MINEIROS
DELEGACIA DE MONTES CLAROS DE GOIÁS,07ª DELEGACIA REGIONAL DE POLÍCIA DE IPORÁ,MONTES CLAROS DE GOIÁS
DELEGACIA DE MORRINHOS,19ª DELEGACIA REGIONAL DE POLÍCIA DE CALDAS NOVAS,MORRINHOS
DELEGACIA DE MOSSÂMEDES,04ª DELEGACIA REGIONAL DE POLÍCIA DA CIDADE DE GOIÁS,MOSSÂMEDES
DELEGACIA DE MOZARLÂNDIA,04ª DELEGACIA REGIONAL DE POLÍCIA DA CIDADE DE GOIÁS,MOZARLÂNDIA
DELEGACIA DE NIQUELÂNDIA,18ª DELEGACIA REGIONAL DE POLÍCIA DE URUAÇU,NIQUELÂNDIA
DELEGACIA DE NOVO GAMA,05ª DELEGACIA REGIONAL DE POLÍCIA DE LUZIÂNIA,NOVO GAMA
DELEGACIA DE NOVO GAMA - CIOPS,05ª DELEGACIA REGIONAL DE POLÍCIA DE LUZIÂNIA,NOVO GAMA
DELEGACIA DE ORIZONA,09ª DELEGACIA REGIONAL DE POLÍCIA DE CATALÃO,ORIZONA
DELEGACIA DE PADRE BERNARDO,17ª DELEGACIA REGIONAL DE POLÍCIA DE ÁGUAS LINDAS DE GOIÁS,PADRE BERNARDO
DELEGACIA DE PADRE BERNARNDO,05ª DELEGACIA REGIONAL DE POLÍCIA DE LUZIÂNIA,PEDRO BERNARDO
DELEGACIA DE PALMEIRAS DE GOIÁS,16ª DELEGACIA REGIONAL DE POLÍCIA DE TRINDADE,PALMEIRAS DE GOIÁS
DELEGACIA DE PANAMÁ,06ª DELEGACIA REGIONAL DE POLÍCIA DE ITUMBIARA,PANAMÁ
DELEGACIA DE PARANAIGUARA,08ª DELEGACIA REGIONAL DE POLÍCIA DE RIO VERDE,PARANAIGUARA
DELEGACIA DE PARAÚNA,07ª DELEGACIA REGIONAL DE POLÍCIA DE IPORÁ,PARAÚNA
DELEGACIA DE PIRACANJUBA,19ª DELEGACIA REGIONAL DE POLÍCIA DE CALDAS NOVAS,PIRACANJUBA
DELEGACIA DE PIRANHAS,07ª DELEGACIA REGIONAL DE POLÍCIA DE IPORÁ,PIRANHAS
DELEGACIA DE PIRES DO RIO,09ª DELEGACIA REGIONAL DE POLÍCIA DE CATALÃO,PIRES DO RIO
DELEGACIA DE PLANALTINA,11ª DELEGACIA REGIONAL DE POLÍCIA DE FORMOSA,PLANALTINA
DELEGACIA DE PLANALTINA - CIOPS,11ª DELEGACIA REGIONAL DE POLÍCIA DE FORMOSA,PLANALTINA
DELEGACIA DE POLÍCIA CARMO DO RIO VERDE,10ª DELEGACIA REGIONAL DE POLÍCIA DE CERES,CARMO DO RIO VERDE
DELEGACIA DE POLÍCIA DE ABADIÂNIA,03ª DELEGACIA REGIONAL DE POLÍCIA DE ANÁPOLIS,ABADIÂNIA
DELEGACIA DE POLÍCIA DE ANICUNS,04ª DELEGACIA REGIONAL DE POLÍCIA DA CIDADE DE GOIÁS,ANICUNS
DELEGACIA DE POLÍCIA DE APURAÇÃO DE ATOS INFRACIONAIS DE ANÁPOLIS,03ª DELEGACIA REGIONAL DE POLÍCIA DE ANÁPOLIS,ANÁPOLIS
DELEGACIA DE POLÍCIA DE APURAÇÃO DE ATOS INFRACIONAIS DE APARECIDA DE GOIÂNIA,02ª DELEGACIA REGIONAL DE POLÍCIA DE APARECIDA DE GOIÂNIA,APARECIDA DE GOIÂNIA
DELEGACIA DE POLÍCIA DE APURAÇÃO DE ATOS INFRACIONAIS DE GOIÂNIA,01ª DELEGACIA REGIONAL DE POLÍCIA DE GOIÂNIA,GOIÂNIA
DELEGACIA DE POLÍCIA DE APURAÇÃO DE ATOS INFRACIONAIS DE ITUMBIARA,06ª DELEGACIA REGIONAL DE POLÍCIA DE ITUMBIARA,ITUMBIARA
DELEGACIA DE POLÍCIA DE APURAÇÃO DE ATOS INFRACIONAIS DE JATAÍ,14ª DELEGACIA REGIONAL DE POLÍCIA DE JATAÍ,JATAÍ
DELEGACIA DE POLÍCIA DE APURAÇÃO DE ATOS INFRACIONAIS DE LUZIÂNIA,05ª DELEGACIA REGIONAL DE POLÍCIA DE LUZIÂNIA,LUZIÂNIA
DELEGACIA DE POLÍCIA DE APURAÇÃO DE ATOS INFRACIONAIS DE RIO VERDE,08ª DELEGACIA REGIONAL DE POLÍCIA DE RIO VERDE,RIO VERDE
DELEGACIA DE POLÍCIA DE ARAÇU,16ª DELEGACIA REGIONAL DE POLÍCIA DE TRINDADE,ARAÇU
DELEGACIA DE POLÍCIA DE BELA VISTA DE GOIÁS,02ª DELEGACIA REGIONAL DE POLÍCIA DE APARECIDA DE GOIÂNIA,BELA VISTA DE GOIÁS
DELEGACIA DE POLÍCIA DE CAVALCANTE,13ª DELEGACIA REGIONAL DE POLÍCIA DE POSSE,CAVALCANTE
DELEGACIA DE POLÍCIA DE CORUMBÁ DE GOIÁS,03ª DELEGACIA REGIONAL DE POLÍCIA DE ANÁPOLIS,CORUMBÁ DE GOIÁS
DELEGACIA DE POLÍCIA DE CRIXÁS,10ª DELEGACIA REGIONAL DE POLÍCIA DE CERES,CRIXÁS
DELEGACIA DE POLÍCIA DE GOIANÁPOLIS,03ª DELEGACIA REGIONAL DE POLÍCIA DE ANÁPOLIS,GOIANÁPOLIS
DELEGACIA DE POLÍCIA DE GOIANIRA ,16ª DELEGACIA REGIONAL DE POLÍCIA DE TRINDADE,GOIANIRA
DELEGACIA DE POLÍCIA DE GUAPÓ ,16ª DELEGACIA REGIONAL DE POLÍCIA DE TRINDADE,GUAPÓ
DELEGACIA DE POLÍCIA DE HIDROLÂNDIA,02ª DELEGACIA REGIONAL DE POLÍCIA DE APARECIDA DE GOIÂNIA,HIDROLÂNDIA
DELEGACIA DE POLÍCIA DE INHUMAS,16ª DELEGACIA REGIONAL DE POLÍCIA DE TRINDADE,INHUMAS
DELEGACIA DE POLÍCIA DE ITABERAÍ ,04ª DELEGACIA REGIONAL DE POLÍCIA DA CIDADE DE GOIÁS,ITABERAÍ
DELEGACIA DE POLÍCIA DE ITAGUARU,04ª DELEGACIA REGIONAL DE POLÍCIA DA CIDADE DE GOIÁS,ITAGUARU
DELEGACIA DE POLÍCIA DE ITAJÁ,14ª DELEGACIA REGIONAL DE POLÍCIA DE JATAÍ,ITAJÁ
DELEGACIA DE POLÍCIA DE ITAPACI,10ª DELEGACIA REGIONAL DE POLÍCIA DE CERES,ITAPACI
DELEGACIA DE POLÍCIA DE ITAPIRAPUÃ,04ª DELEGACIA REGIONAL DE POLÍCIA DA CIDADE DE GOIÁS,ITAPIRAPUÃ
DELEGACIA DE POLÍCIA DE ITAPURANGA,04ª DELEGACIA REGIONAL DE POLÍCIA DA CIDADE DE GOIÁS,ITAPURANGA
DELEGACIA DE POLÍCIA DE ITAUÇU,16ª DELEGACIA REGIONAL DE POLÍCIA DE TRINDADE,ITAUÇU
DELEGACIA DE POLÍCIA DE LEOPOLDO DE BULHÕES,03ª DELEGACIA REGIONAL DE POLÍCIA DE ANÁPOLIS,LEOPOLDO DE BULHÕES
DELEGACIA DE POLÍCIA DE MARA ROSA,18ª DELEGACIA REGIONAL DE POLÍCIA DE URUAÇU,MARA ROSA
DELEGACIA DE POLÍCIA DE MIRACEMA DO NORTE,SUPERINTENDENCIA DE POLÍCIA JUDICIÁRIA,MIRACEMA DO NORTE
DELEGACIA DE POLÍCIA DE NERÓPOLIS,03ª DELEGACIA REGIONAL DE POLÍCIA DE ANÁPOLIS,NERÓPOLIS
DELEGACIA DE POLÍCIA DE PETROLINA DE GOIÁS,15ª DELEGACIA REGIONAL DE POLÍCIA DE GOIANÉSIA,PETROLINA DE GOIÁS
DELEGACIA DE POLÍCIA DE PIRENÓPOLIS ,03ª DELEGACIA REGIONAL DE POLÍCIA DE ANÁPOLIS,PIRENÓPOLIS
DELEGACIA DE POLÍCIA DE PORANGATU,12ª DELEGACIA REGIONAL DE POLÍCIA DE PORANGATU,PORANGATU
DELEGACIA DE POLÍCIA DE POSSE,13ª DELEGACIA REGIONAL DE POLÍCIA DE POSSE,POSSE
DELEGACIA DE POLÍCIA DE RIALMA,10ª DELEGACIA REGIONAL DE POLÍCIA DE CERES,RIALMA
DELEGACIA DE POLÍCIA DE RUBIATABA,10ª DELEGACIA REGIONAL DE POLÍCIA DE CERES,RUBIATABA
DELEGACIA DE POLÍCIA DE SANTO ANTÔNIO DO DESCOBERTO,17ª DELEGACIA REGIONAL DE POLÍCIA DE ÁGUAS LINDAS DE GOIÁS,SANTO ANTÔNIO DO DESCOBERTO
DELEGACIA DE POLÍCIA DE SÃO DOMINGOS,13ª DELEGACIA REGIONAL DE POLÍCIA DE POSSE,SÃO DOMINGOS
DELEGACIA DE POLÍCIA DE SENADOR CANEDO ,02ª DELEGACIA REGIONAL DE POLÍCIA DE APARECIDA DE GOIÂNIA,SENADOR CANEDO
DELEGACIA DE POLÍCIA DE TRINDADE ,02ª DELEGACIA REGIONAL DE POLÍCIA DE APARECIDA DE GOIÂNIA,TRINDADE
DELEGACIA DE POLÍCIA DE VARJÃO,16ª DELEGACIA REGIONAL DE POLÍCIA DE TRINDADE,VARJÃO
DELEGACIA DE POLÍCIA INTERESTADUAL,SUPERINTENDÊNCIA DE POLÍCIA JUDICIÁRIA,GOIÂNIA
DELEGACIA DE PONTALINA,19ª DELEGACIA REGIONAL DE POLÍCIA DE CALDAS NOVAS,PONTALINA
DELEGACIA DE PROTEÇÃO À CRIANÇA E AO ADOLESCENTE DE ANÁPOLIS,03ª DELEGACIA REGIONAL DE POLÍCIA DE ANÁPOLIS,ANÁPOLIS
DELEGACIA DE PROTEÇÃO A CRIANÇA E AO ADOLESCENTE DE APARECIDA DE GOIÂNIA,02ª DELEGACIA REGIONAL DE POLÍCIA DE APARECIDA DE GOIÂNIA,APARECIDA DE GOIÂNIA
DELEGACIA DE PROTEÇÃO À CRIANÇA E AO ADOLESCENTE DE GOIÂNIA,01ª DELEGACIA REGIONAL DE POLÍCIA DE GOIÂNIA,GOIÂNIA
DELEGACIA DE PROTEÇÃO À CRIANÇA E AO ADOLESCENTE DE LUZIÂNIA,05ª DELEGACIA REGIONAL DE POLÍCIA DE LUZIÂNIA,LUZIÂNIA
DELEGACIA DE QUIRINÓPOLIS,08ª DELEGACIA REGIONAL DE POLÍCIA DE RIO VERDE,QUIRINÓPOLIS
DELEGACIA DE REPRESSÃO A CRIME CONTRA ADMINISTRAÇÃO PÚBLICA,SUPERINTENDENCIA DE POLÍCIA JUDICIÁRIA,GOIÂNIA
DELEGACIA DE REPRESSÃO A CRIMES CONTRA A ORDEM TRIBUTÁRIA,SUPERINTENDENCIA DE POLÍCIA JUDICIÁRIA,GOIÂNIA
DELEGACIA DE REPRESSÃO A CRIMES CONTRA O MEIO AMBIENTE,SUPERINTENDENCIA DE POLÍCIA JUDICIÁRIA,GOIÂNIA
DELEGACIA DE REPRESSÃO A CRIMES DE TRÂNSITO,01ª DELEGACIA REGIONAL DE POLÍCIA DE GOIÂNIA,GOIÂNIA
DELEGACIA DE REPRESSÃO A FURTOS E ROUBOS DE VEÍCULOS AUTOMOTORES,SUPERINTENDENCIA DE POLÍCIA JUDICIÁRIA,GOIÂNIA
DELEGACIA DE REPRESSÃO ÀS AÇÕES CRIMINOSAS ORGANIZADAS,GABINETE DO DELEGADO-GERAL DA POLÍCIA CIVIL,GOIÂNIA
DELEGACIA DE REPRESSÃO CONTRA FURTOS E ROUBOS DE CARGAS,SUPERINTENDENCIA DE POLÍCIA JUDICIÁRIA,GOIÂNIA
DELEGACIA DE RUBIATABA,10ª DELEGACIA REGIONAL DE POLÍCIA DE CERES,RUBIATABA
DELEGACIA DE SANCLERLÂNDIA,04ª DELEGACIA REGIONAL DE POLÍCIA DA CIDADE DE GOIÁS,SANCLERLÂNDIA
DELEGACIA DE SANTA CRUZ DE GOIÁS,19ª DELEGACIA REGIONAL DE POLÍCIA DE CALDAS NOVAS,CRUZ DE GOIÁS
DELEGACIA DE SANTA HELENA DE GOIÁS,08ª DELEGACIA REGIONAL DE POLÍCIA DE RIO VERDE,SANTA HELENA DE GOIÁS
DELEGACIA DE SANTA TEREZINHA DE GOIÁS,10ª DELEGACIA REGIONAL DE POLÍCIA DE CERES,SANTA TEREZINHA DE GOIÁS
DELEGACIA DE SÃO LUIZ DOS MONTES BELOS,07ª DELEGACIA REGIONAL DE POLÍCIA DE IPORÁ,SÃO LUIZ DE MONTES BELOS
DELEGACIA DE SÃO MIGUEL DO ARAGUAIA,12ª DELEGACIA REGIONAL DE POLÍCIA DE PORANGATU,SÃO MIGUEL DO ARAGUAIA
DELEGACIA DE SÃO SIMÃO,08ª DELEGACIA REGIONAL DE POLÍCIA DE RIO VERDE,SÃO SIMÃO
DELEGACIA DE SILVÂNIA,03ª DELEGACIA REGIONAL DE POLÍCIA DE ANÁPOLIS,SILVÂNIA
DELEGACIA DE TAQUARAL DE GOIÁS,04ª DELEGACIA REGIONAL DE POLÍCIA DA CIDADE DE GOIÁS,TAQUARAL DE GOIÁS
DELEGACIA DE TURVÂNIA,07ª DELEGACIA REGIONAL DE POLÍCIA DE IPORÁ,TURVÂNIA
DELEGACIA DE URUAÇU,10ª DELEGACIA REGIONAL DE POLÍCIA DE CERES,URUAÇU
DELEGACIA DE URUANA,10ª DELEGACIA REGIONAL DE POLÍCIA DE CERES,URUANA
DELEGACIA DE URUTAÍ,09ª DELEGACIA REGIONAL DE POLÍCIA DE CATALÃO,URUTAÍ
DELEGACIA DE VIANÓPOLIS,09ª DELEGACIA REGIONAL DE POLÍCIA DE CATALÃO,VIANÓPOLIS
DELEGACIA ESPECIAL DE ATENDIMENTO A MULHER/APARECIDA DE GOIÂNIA,02ª DELEGACIA REGIONAL DE POLÍCIA DE APARECIDA DE GOIÂNIA,APARECIDA DE GOIÂNIA
DELEGACIA ESPECIAL DE ATENDIMENTO À MULHER/GOIÂNIA,01ª DELEGACIA REGIONAL DE POLÍCIA DE GOIÂNIA,GOIÂNIA
DELEGACIA ESPECIALIZADA EM INVESTIGAÇÃO DE CRIMES DE TRÂNSITO DE ANÁPOLIS,03ª DELEGACIA REGIONAL DE POLÍCIA DE ANÁPOLIS,ANÁPOLIS
DELEGACIA ESPECIALIZADA EM INVESTIGAÇÃO DE CRIMES DE TRÂNSITO DE GOIÂNIA,01ª DELEGACIA REGIONAL DE POLÍCIA DE GOIÂNIA,GOIÂNIA
DELEGACIA ESPECIALIZADA NO ATENDIMENTO À MULHER DE ÁGUAS LINDAS DE GOIÁS,17ª DELEGACIA REGIONAL DE POLÍCIA DE ÁGUAS LINDAS DE GOIÁS,ÁGUAS LINDAS DE GOIÁS
DELEGACIA ESPECIALIZADA NO ATENDIMENTO À MULHER DE ANÁPOLIS,03ª DELEGACIA REGIONAL DE POLÍCIA DE ANÁPOLIS,ANÁPOLIS
DELEGACIA ESPECIALIZADA NO ATENDIMENTO À MULHER DE APARECIDA DE GOIÂNIA,02ª DELEGACIA REGIONAL DE POLÍCIA DE APARECIDA DE GOIÂNIA,APARECIDA DE GOIÂNIA
DELEGACIA ESPECIALIZADA NO ATENDIMENTO À MULHER DE CALDAS NOVAS,19ª DELEGACIA REGIONAL DE POLÍCIA DE CALDAS NOVAS,CALDAS NOVAS
DELEGACIA ESPECIALIZADA NO ATENDIMENTO À MULHER DE CATALÃO,09ª DELEGACIA REGIONAL DE POLÍCIA DE CATALÃO,CATALÃO
DELEGACIA ESPECIALIZADA NO ATENDIMENTO À MULHER DE FORMOSA,11ª DELEGACIA REGIONAL DE POLÍCIA DE FORMOSA,FORMOSA
DELEGACIA ESPECIALIZADA NO ATENDIMENTO À MULHER DE GOIANÉSIA,15ª DELEGACIA REGIONAL DE POLÍCIA DE GOIANÉSIA,GOIANÉSIA
DELEGACIA ESPECIALIZADA NO ATENDIMENTO À MULHER DE GOIÁS,04ª DELEGACIA REGIONAL DE POLÍCIA DA CIDADE DE GOIÁS,CIDADE DE GOIÁS
DELEGACIA ESPECIALIZADA NO ATENDIMENTO À MULHER DE ITUMBIARA,06ª DELEGACIA REGIONAL DE POLÍCIA DE ITUMBIARA,ITUMBIARA
DELEGACIA ESPECIALIZADA NO ATENDIMENTO À MULHER DE JATAÍ,14ª DELEGACIA REGIONAL DE POLÍCIA DE JATAÍ,JATAÍ
DELEGACIA ESPECIALIZADA NO ATENDIMENTO À MULHER DE LUZIÂNIA,05ª DELEGACIA REGIONAL DE POLÍCIA DE LUZIÂNIA,LUZIÂNIA
DELEGACIA ESPECIALIZADA NO ATENDIMENTO À MULHER DE MINEIROS,14ª DELEGACIA REGIONAL DE POLÍCIA DE JATAÍ,MINEIROS
DELEGACIA ESPECIALIZADA NO ATENDIMENTO À MULHER DE NOVO GAMA,05ª DELEGACIA REGIONAL DE POLÍCIA DE LUZIÂNIA,NOVO GAMA
DELEGACIA ESPECIALIZADA NO ATENDIMENTO À MULHER DE PLANALTINA,11ª DELEGACIA REGIONAL DE POLÍCIA DE FORMOSA,PLANALTINA
DELEGACIA ESPECIALIZADA NO ATENDIMENTO À MULHER DE PORANGATU,12ª DELEGACIA REGIONAL DE POLÍCIA DE PORANGATU,PORANGATU
DELEGACIA ESPECIALIZADA NO ATENDIMENTO À MULHER DE RIO VERDE,08ª DELEGACIA REGIONAL DE POLÍCIA DE RIO VERDE,RIO VERDE
DELEGACIA ESPECIALIZADA NO ATENDIMENTO A MULHER DE SANTA HELENA DE GOIÁS,08ª DELEGACIA REGIONAL DE POLÍCIA DE RIO VERDE,SANTA HELENA DE GOIÁS
DELEGACIA ESPECIALIZADA NO ATENDIMENTO À MULHER DE SANTO ANTÔNIO DO DESCOBERTO,17ª DELEGACIA REGIONAL DE POLÍCIA DE ÁGUAS LINDAS DE GOIÁS,SANTO ANTÔNIO DO DESCOBERTO
DELEGACIA ESPECIALIZADA NO ATENDIMENTO A MULHER DE SENADOR CANEDO,02ª DELEGACIA REGIONAL DE POLÍCIA DE APARECIDA DE GOIÂNIA,SENADOR CANEDO
DELEGACIA ESPECIALIZADA NO ATENDIMENTO À MULHER DE TRINDADE,16ª DELEGACIA REGIONAL DE POLÍCIA DE TRINDADE,TRINDADE
DELEGACIA ESPECIALIZADA NO ATENDIMENTO À MULHER DE URUAÇU,18ª DELEGACIA REGIONAL DE POLÍCIA DE URUAÇU,URUAÇU
DELEGACIA ESPECIALIZADA NO ATENDIMENTO À MULHER DE VALPARAÍSO,05ª DELEGACIA REGIONAL DE POLÍCIA DE LUZIÂNIA,VALPARAÍSO DE GOIÁS
DELEGACIA ESPECIALIZADA NO ATENDIMENTO À MULHER- DEAM DE IPORÁ,07ª DELEGACIA REGIONAL DE POLÍCIA DE IPORÁ,IPORÁ
DELEGACIA ESPECIALIZADA NO ATENDIMENTO À PESSOA COM DEFICIÊNCIA DE ANÁPOLIS,03ª DELEGACIA REGIONAL DE POLÍCIA DE ANÁPOLIS,ANÁPOLIS
DELEGACIA ESPECIALIZADA NO ATENDIMENTO AO IDOSO DE ANÁPOLIS,03ª DELEGACIA REGIONAL DE POLÍCIA DE ANÁPOLIS,ANÁPOLIS
DELEGACIA ESPECIALIZADA NO ATENDIMENTO AO IDOSO DE GOIÂNIA,01ª DELEGACIA REGIONAL DE POLÍCIA DE GOIÂNIA,GOIÂNIA
DELEGACIA ESPECIALIZADA NO ATENDIMENTO AO TURISTA DE CALDAS NOVAS E RIO QUENTE - DETUR,19ª DELEGACIA REGIONAL DE POLÍCIA DE CALDAS NOVAS,CALDAS NOVAS
DELEGACIA ESTADUAL DE CAPTURAS,SUPERINTENDÊNCIA DE POLÍCIA JUDICIÁRIA,GOIÂNIA
DELEGACIA ESTADUAL DE COMBATE À CORRUPÇÃO,GABINETE DO DELEGADO-GERAL DA POLÍCIA CIVIL,GOIÂNIA
DELEGACIA ESTADUAL DE CRIMES CONTRA OS COSTUMES E DIVERSÕES PÚBLICAS,SUPERINTENDENCIA DE POLÍCIA JUDICIÁRIA,GOIÂNIA
DELEGACIA ESTADUAL DE ESTELIONATO E OUTRAS FRAUDES ,01ª DELEGACIA REGIONAL DE POLÍCIA DE GOIÂNIA,GOIÂNIA
DELEGACIA ESTADUAL DE INVESTIGAÇÕES CRIMINAIS,SUPERINTENDÊNCIA DE POLÍCIA JUDICIÁRIA,GOIÂNIA
DELEGACIA ESTADUAL DE INVESTIGAÇÕES DE HOMICÍDIOS,SUPERINTENDÊNCIA DE POLÍCIA JUDICIÁRIA,GOIÂNIA
DELEGACIA ESTADUAL DE REPRESSÃO A CRIMES CIBERNÉTICOS,SUPERINTENDÊNCIA DE POLÍCIA JUDICIÁRIA,GOIÂNIA
DELEGACIA ESTADUAL DE REPRESSÃO A CRIMES CONTRA A ADMINISTRAÇÃO PÚBLICA,SUPERINTENDÊNCIA DE POLÍCIA JUDICIÁRIA,GOIÂNIA
DELEGACIA ESTADUAL DE REPRESSÃO A CRIMES CONTRA A ORDEM TRIBUTÁRIA,SUPERINTENDÊNCIA DE POLÍCIA JUDICIÁRIA,GOIÂNIA
DELEGACIA ESTADUAL DE REPRESSÃO A CRIMES CONTRA O CONSUMIDOR,SUPERINTENDÊNCIA DE POLÍCIA JUDICIÁRIA,GOIÂNIA
DELEGACIA ESTADUAL DE REPRESSÃO A CRIMES CONTRA O MEIO AMBIENTE,SUPERINTENDÊNCIA DE POLÍCIA JUDICIÁRIA,GOIÂNIA
DELEGACIA ESTADUAL DE REPRESSÃO A CRIMES RURAIS,SUPERINTENDÊNCIA DE POLÍCIA JUDICIÁRIA,GOIÂNIA
DELEGACIA ESTADUAL DE REPRESSÃO A FURTOS E ROUBOS DE CARGAS,SUPERINTENDÊNCIA DE POLÍCIA JUDICIÁRIA,GOIÂNIA
DELEGACIA ESTADUAL DE REPRESSÃO A FURTOS E ROUBOS DE VEÍCULOS,SUPERINTENDÊNCIA DE POLÍCIA JUDICIÁRIA,GOIÂNIA
DELEGACIA ESTADUAL DE REPRESSÃO A NARCÓTICOS,SUPERINTENDENCIA DE POLÍCIA JUDICIÁRIA,GOIÂNIA
DELEGACIA MUNICIPAL DE GOIANÉSIA,15ª DELEGACIA REGIONAL DE POLÍCIA DE GOIANÉSIA,GOIANÉSIA
DELEGACIA MUNICIPAL DE GOIÁS ,04ª DELEGACIA REGIONAL DE POLÍCIA DA CIDADE DE GOIÁS,CIDADE DE GOIÁS
DELEGACIA MUNICIPAL DE GOIATUBA,06ª DELEGACIA REGIONAL DE POLÍCIA DE ITUMBIARA,GOIATUBA
DELEGACIA MUNICIPAL DE IPORÁ,07ª DELEGACIA REGIONAL DE POLÍCIA DE IPORÁ,IPORÁ
DELEGACIA MUNICIPAL DE PORANGATU,12ª DELEGACIA REGIONAL DE POLÍCIA DE PORANGATU,PORANGATU
DELEGACIA MUNICIPAL DE URUAÇU,18ª DELEGACIA REGIONAL DE POLÍCIA DE URUAÇU,URUAÇU
DELEGACIA PROTEÇÃO A CRIANÇA E ADOLESCENTE,01ª DELEGACIA REGIONAL DE POLÍCIA DE GOIÂNIA,GOIÂNIA
DEPAI DELEGACIA DE POLÍCIA DE APURAÇÃO DE ATOS INFRACIONAIS DE CATALÃO,09ª DELEGACIA REGIONAL DE POLÍCIA DE CATALÃO,CATALÃO
DEPARTAMENTO DE TELECOMUNICAÇÕES,DIRETORIA DE APOIO ADMINISTRATIVO E FINANCEIRO,GOIÂNIA
DIRETORIA DE APOIO ADMINISTRATIVO E FINANCEIRO,DIRETORIA GERAL DE POLÍCIA CIVIL,GOIÂNIA
DIRETORIA GERAL DE POLÍCIA CIVIL,SECRETARIA DA SEGURANÇA PÚBLICA,GOIÂNIA
DISTRITO DE CAMPO LIMPO DE GOIÁS,03ª DELEGACIA REGIONAL DE POLÍCIA DE ANÁPOLIS,CAMPO LIMPO DE GOIÁS
DIVISÃO ADMINISTRATIVA,SUPERINTENDENCIA DE POLÍCIA JUDICIÁRIA,GOIÂNIA
DIVISÃO DE ARMAMENTOS E PRODUTOS CONTROLADOS,GERÊNCIA DE GESTÃO E FINANÇAS,GOIÂNIA
"DIVISÃO DE ARQUITETURA, ENGENHARIA E MANUTENÇÃO",GERÊNCIA DE GESTÃO E FINANÇAS,GOIÂNIA
DIVISÃO DE ASSESSORIA FORENSE,SUPERINTENDÊNCIA DE POLÍCIA JUDICIÁRIA,GOIÂNIA
DIVISÃO DE ASSESSORIA TÉCNICO-POLICIAL,DELEGACIA GERAL ADJUNTA,GOIÂNIA
DIVISÃO DE ASSESSORIA-GERAL,DELEGACIA GERAL ADJUNTA,GOIÂNIA
DIVISÃO DE COMUNICAÇÃO E CERIMONIAL,DELEGACIA GERAL ADJUNTA,GOIÂNIA
DIVISÃO DE GESTÃO ADMINISTRATIVA,GERÊNCIA DE GESTÃO E FINANÇAS,GOIÂNIA
DIVISÃO DE GESTÃO DE PESSOAS,GERÊNCIA DE GESTÃO E FINANÇAS,GOIÂNIA
DIVISÃO DE GESTÃO FINANCEIRA,GERÊNCIA DE GESTÃO E FINANÇAS,GOIÂNIA
DIVISÃO DE INOVAÇÃO E TECNOLOGIA,GERÊNCIA DE GESTÃO E FINANÇAS,GOIÂNIA
DIVISÃO DE LOGÍSTICA,GERÊNCIA DE GESTÃO E FINANÇAS,GOIÂNIA
DIVISÃO DE MODERNIZAÇÃO E PLANEJAMENTO,GERÊNCIA DE GESTÃO E FINANÇAS,GOIÂNIA
DIVISÃO DE PROTEÇÃO À SAÚDE DO SERVIDOR,SUPERINTENDÊNCIA DE POLÍCIA JUDICIÁRIA,GOIÂNIA
DIVISÃO DE SUPERVISÃO DA POLÍCIA CIVIL,DELEGACIA GERAL ADJUNTA,GOIÂNIA
DIVISÃO DE SUPORTE TÉCNICO EM INFORMÁTICA,GERÊNCIA DE GESTÃO E FINANÇAS,GOIÂNIA
DIVISÃO DE TRANSPORTE,GERÊNCIA DE GESTÃO E FINANÇAS,GOIÂNIA
DIVISÃO DO FESACOC,GERÊNCIA DE GESTÃO E FINANÇAS,GOIÂNIA
ESCOLA SUPERIOR DA POLÍCIA CIVIL - ESPC,GABINETE DO DELEGADO-GERAL DA POLÍCIA CIVIL,GOIÂNIA
GABINETE DO DELEGADO-GERAL DA POLÍCIA CIVIL,DIRETORIA GERAL DE POLÍCIA CIVIL,GOIÂNIA
GERÊNCIA DE APOIO ADMINISTRATIVO,DIRETORIA DE APOIO ADMINISTRATIVO E FINANCEIRO,GOIÂNIA
GERÊNCIA DE CORREIÇÕES E DISCIPLINA DA POLÍCIA CIVIL,GABINETE DO DELEGADO-GERAL DA POLÍCIA CIVIL,GOIÂNIA
GERÊNCIA DE ENSINO POLICIAL CIVIL,SUPERINTENDÊNCIA DA ACADEMIA ESTADUAL DE SEGURANÇA PÚBLICA,GOIÂNIA
GERÊNCIA DE GESTÃO E FINANÇAS,GABINETE DO DELEGADO-GERAL DA POLÍCIA CIVIL,GOIÂNIA
GERÊNCIA DE IDENTIFICAÇÃO,GABINETE DO DELEGADO-GERAL DA POLÍCIA CIVIL,GOIÂNIA
GERÊNCIA DE OPERAÇÕES DE INTELIGÊNCIA DA POLÍCIA CIVIL,GABINETE DO DELEGADO-GERAL DA POLÍCIA CIVIL,GOIÂNIA
GERÊNCIA DE PATRIMÔNIO E ALMOXARIFADO,DIRETORIA DE APOIO ADMINISTRATIVO E FINANCEIRO,GOIÂNIA
GERÊNCIA DE PLANEJAMENTO OPERACIONAL,SUPERINTENDENCIA DE POLÍCIA JUDICIÁRIA,GOIÂNIA
GERÊNCIA DE RECURSOS HUMANOS,DIRETORIA DE APOIO ADMINISTRATIVO E FINANCEIRO,GOIÂNIA
GERÊNCIA DE TRANSPORTES,DIRETORIA DE APOIO ADMINISTRATIVO E FINANCEIRO,GOIÂNIA
GERÊNCIA JURÍDICA,CHEFIA DE GABINETE,GOIÂNIA
GERÊNCIA TÉCNICO-POLICIAL,GABINETE DO DELEGADO-GERAL DA POLÍCIA CIVIL,GOIÂNIA
GERENTE DE CORREIÇÕES E DISCIPLINA DA POLÍCIA CIVIL,GERÊNCIA DE CORREIÇÕES E DISCIPLINA DA POLICIA CIVIL,GOIÂNIA
GIH,SUPERINTENDENCIA DE POLÍCIA JUDICIÁRIA,GOIÂNIA
GRUPO ANTIASSALTO A BANCOS,DELEGACIA ESTADUAL DE INVESTIGAÇÕES CRIMINAIS,GOIÂNIA
GRUPO DE INVESTIGAÇÃO DE DESAPARECIDOS,SUPERINTENDÊNCIA DE POLÍCIA JUDICIÁRIA,GOIÂNIA
GRUPO DE INVESTIGAÇÃO DE HOMICÍDIOS DE ÁGUAS LINDAS DE GOIÁS,17ª DELEGACIA REGIONAL DE POLÍCIA DE ÁGUAS LINDAS DE GOIÁS,ÁGUAS LINDAS DE GOIÁS
GRUPO DE INVESTIGAÇÃO DE HOMICÍDIOS DE ANÁPOLIS,03ª DELEGACIA REGIONAL DE POLÍCIA DE ANÁPOLIS,ANÁPOLIS
GRUPO DE INVESTIGAÇÃO DE HOMICÍDIOS DE APARECIDA DE GOIÂNIA,02ª DELEGACIA REGIONAL DE POLÍCIA DE APARECIDA DE GOIÂNIA,APARECIDA DE GOIÂNIA
GRUPO DE INVESTIGAÇÃO DE HOMICÍDIOS DE CALDAS NOVAS- 19ª DRP,19ª DELEGACIA REGIONAL DE POLÍCIA DE CALDAS NOVAS,CALDAS NOVAS
GRUPO DE INVESTIGAÇÃO DE HOMICÍDIOS DE FORMOSA,11ª DELEGACIA REGIONAL DE POLÍCIA DE FORMOSA,FORMOSA
GRUPO DE INVESTIGAÇÃO DE HOMICÍDIOS DE ITUMBIARA,06ª DELEGACIA REGIONAL DE POLÍCIA DE ITUMBIARA,ITUMBIARA
GRUPO DE INVESTIGAÇÃO DE HOMICÍDIOS DE JATAÍ,14ª DELEGACIA REGIONAL DE POLÍCIA DE JATAÍ,JATAÍ
GRUPO DE INVESTIGAÇÃO DE HOMICÍDIOS DE LUZIÂNIA,05ª DELEGACIA REGIONAL DE POLÍCIA DE LUZIÂNIA,LUZIÂNIA
GRUPO DE INVESTIGAÇÃO DE HOMICÍDIOS DE NOVO GAMA,05ª DELEGACIA REGIONAL DE POLÍCIA DE LUZIÂNIA,NOVO GAMA
GRUPO DE INVESTIGAÇÃO DE HOMICÍDIOS DE PLANALTINA,11ª DELEGACIA REGIONAL DE POLÍCIA DE FORMOSA,PLANALTINA
GRUPO DE INVESTIGAÇÃO DE HOMICÍDIOS DE RIO VERDE,08ª DELEGACIA REGIONAL DE POLÍCIA DE RIO VERDE,RIO VERDE
GRUPO DE INVESTIGAÇÃO DE HOMICÍDIOS DE SENADOR CANEDO,02ª DELEGACIA REGIONAL DE POLÍCIA DE APARECIDA DE GOIÂNIA,SENADOR CANEDO
GRUPO DE INVESTIGAÇÃO DE HOMICÍDIOS DE TRINDADE,16ª DELEGACIA REGIONAL DE POLÍCIA DE TRINDADE,TRINDADE
GRUPO DE INVESTIGAÇÃO DE HOMICÍDIOS DE URUAÇU,18ª DELEGACIA REGIONAL DE POLÍCIA DE URUAÇU,URUAÇU
GRUPO DE INVESTIGAÇÃO DE HOMICÍDIOS DE VALPARAÍSO DE GOIÁS,05ª DELEGACIA REGIONAL DE POLÍCIA DE LUZIÂNIA,VALPARAÍSO DE GOIÁS
GRUPO DE INVESTIGAÇÃO DE HOMICÍDIOS-GIH DA 4ª DRP/GOIÁS,04ª DELEGACIA REGIONAL DE POLÍCIA DA CIDADE DE GOIÁS,CIDADE DE GOIÁS
GRUPO DE RECEPÇÃO E TRIAGEM DO FÓRUM DE GOIÂNIA,FORUM,GOIÂNIA
GRUPO DE REPRESSÃO A CRIMES RURAIS E DE DIVISAS,GABINETE DO DELEGADO-GERAL DA POLÍCIA CIVIL,GOIÂNIA
GRUPO ESPECIAL DE REPRESSÃO A CRIMES PATRIMONIAIS - GEPATRI da 1ª AISP,01ª DELEGACIA DISTRITAL DE POLÍCIA DE GOIÂNIA,GOIÂNIA
GRUPO ESPECIAL DE REPRESSÃO A CRIMES PATRIMONIAIS DE ANÁPOLIS,03ª DELEGACIA REGIONAL DE POLÍCIA DE ANÁPOLIS,ANÁPOLIS
GRUPO ESPECIAL DE REPRESSAO A CRIMES PATRIMONIAIS DE CATALÃO,09ª DELEGACIA REGIONAL DE POLÍCIA DE CATALÃO,CATALÃO
GRUPO ESPECIAL DE REPRESSAO A CRIMES PATRIMONIAIS DE FORMOSA,11ª DELEGACIA REGIONAL DE POLÍCIA DE FORMOSA,FORMOSA
GRUPO ESPECIAL DE REPRESSÃO A CRIMES PATRIMONIAIS DE ITUMBIARA,06ª DELEGACIA REGIONAL DE POLÍCIA DE ITUMBIARA,ITUMBIARA
GRUPO ESPECIAL DE REPRESSÃO A CRIMES PATRIMONIAIS DE JATAÍ,14ª DELEGACIA REGIONAL DE POLÍCIA DE JATAÍ,JATAÍ
GRUPO ESPECIAL DE REPRESSAO A CRIMES PATRIMONIAIS DE LUZIÂNIA,05ª DELEGACIA REGIONAL DE POLÍCIA DE LUZIÂNIA,LUZIÂNIA
GRUPO ESPECIAL DE REPRESSAO A CRIMES PATRIMONIAIS DE RIO VERDE,08ª DELEGACIA REGIONAL DE POLÍCIA DE RIO VERDE,RIO VERDE
GRUPO ESPECIAL DE REPRESSÃO A CRIMES PATRIMONIAIS DE URUAÇU-18ªDRP,18ª DELEGACIA REGIONAL DE POLÍCIA DE URUAÇU,URUAÇU
GRUPO ESPECIAL DE REPRESSÃO A CRIMES PATRIMONIAIS DE VALPARAÍSO,05ª DELEGACIA REGIONAL DE POLÍCIA DE LUZIÂNIA,VALPARAÍSO DE GOIÁS
GRUPO ESPECIAL DE REPRESSÃO A CRIMES PATRIMONIAIS E REPRESSÃO A NARCÓTICOS DE CRISTALINA,05ª DELEGACIA REGIONAL DE POLÍCIA DE LUZIÂNIA,CRISTALINA
GRUPO ESPECIAL DE REPRESSÃO A NARCÓTICOS - GENARC DA 4ª DRP/GOIÁS,04ª DELEGACIA REGIONAL DE POLÍCIA DA CIDADE DE GOIÁS,CIDADE DE GOIÁS
GRUPO ESPECIAL DE REPRESSÃO A NARCÓTICOS DE ÁGUAS LINDAS DE GOIÁS,17ª DELEGACIA REGIONAL DE POLÍCIA DE ÁGUAS LINDAS DE GOIÁS,ÁGUAS LINDAS DE GOIÁS
GRUPO ESPECIAL DE REPRESSÃO A NARCÓTICOS DE ANÁPOLIS,03ª DELEGACIA REGIONAL DE POLÍCIA DE ANÁPOLIS,ANÁPOLIS
GRUPO ESPECIAL DE REPRESSÃO A NARCÓTICOS DE APARECIDA DE GOIÂNIA,02ª DELEGACIA REGIONAL DE POLÍCIA DE APARECIDA DE GOIÂNIA,APARECIDA DE GOIÂNIA
GRUPO ESPECIAL DE REPRESSÃO A NARCÓTICOS DE CATALÃO,09ª DELEGACIA REGIONAL DE POLÍCIA DE CATALÃO,CATALÃO
GRUPO ESPECIAL DE REPRESSÃO A NARCÓTICOS DE CERES,10ª DELEGACIA REGIONAL DE POLÍCIA DE CERES,CERES
GRUPO ESPECIAL DE REPRESSÃO A NARCÓTICOS DE FORMOSA,11ª DELEGACIA REGIONAL DE POLÍCIA DE FORMOSA,FORMOSA
GRUPO ESPECIAL DE REPRESSÃO A NARCÓTICOS DE GOIANÉSIA,15ª DELEGACIA REGIONAL DE POLÍCIA DE GOIANÉSIA,GOIANÉSIA
GRUPO ESPECIAL DE REPRESSÃO A NARCÓTICOS DE IPORÁ,07ª DELEGACIA REGIONAL DE POLÍCIA DE IPORÁ,IPORÁ
GRUPO ESPECIAL DE REPRESSÃO A NARCÓTICOS DE ITUMBIARA,06ª DELEGACIA REGIONAL DE POLÍCIA DE ITUMBIARA,ITUMBIARA
GRUPO ESPECIAL DE REPRESSÃO A NARCÓTICOS DE JATAÍ,14ª DELEGACIA REGIONAL DE POLÍCIA DE JATAÍ,JATAÍ
GRUPO ESPECIAL DE REPRESSÃO A NARCÓTICOS DE LUZIÂNIA,05ª DELEGACIA REGIONAL DE POLÍCIA DE LUZIÂNIA,LUZIÂNIA
GRUPO ESPECIAL DE REPRESSÃO A NARCÓTICOS DE NIQUELÂNDIA,18ª DELEGACIA REGIONAL DE POLÍCIA DE URUAÇU,NIQUELÂNDIA
GRUPO ESPECIAL DE REPRESSÃO A NARCÓTICOS DE NOVO GAMA,05ª DELEGACIA REGIONAL DE POLÍCIA DE LUZIÂNIA,NOVO GAMA
GRUPO ESPECIAL DE REPRESSÃO A NARCÓTICOS DE PORANGATU,12ª DELEGACIA REGIONAL DE POLÍCIA DE PORANGATU,PORANGATU
GRUPO ESPECIAL DE REPRESSÃO A NARCÓTICOS DE POSSE,13ª DELEGACIA REGIONAL DE POLÍCIA DE POSSE,POSSE
GRUPO ESPECIAL DE REPRESSÃO A NARCÓTICOS DE RIO VERDE,08ª DELEGACIA REGIONAL DE POLÍCIA DE RIO VERDE,RIO VERDE
GRUPO ESPECIAL DE REPRESSÃO A NARCÓTICOS DE SANTO ANTÔNIO DO DESCOBERTO,17ª DELEGACIA REGIONAL DE POLÍCIA DE ÁGUAS LINDAS DE GOIÁS,SANTO ANTÔNIO DO DESCOBERTO
GRUPO ESPECIAL DE REPRESSÃO A NARCÓTICOS/APARECIDA DE GOIÂNIA,02ª DELEGACIA REGIONAL DE POLÍCIA DE APARECIDA DE GOIÂNIA,APARECIDA DE GOIÂNIA
GRUPO ESPECIALIZADO NO ATENDIMENTO À VITIMA DE CRIMES RACIAIS E DELITOS DE INTOLERÂNCIA,SUPERINTENDÊNCIA DE POLÍCIA JUDICIÁRIA,GOIÂNIA
GRUPO ESTADUAL DE REPRESSÃO A ESTUPROS ,SUPERINTENDÊNCIA DE POLÍCIA JUDICIÁRIA,GOIÂNIA
GRUPO TÁTICO - 3,SUPERINTENDENCIA DE POLÍCIA JUDICIÁRIA,GOIÂNIA
HANGAR DA UNIDADE DE APOIO AEROPOLICIAL,01ª DELEGACIA REGIONAL DE POLÍCIA DE GOIÂNIA,GOIÂNIA
INSPETORIA DA POLÍCIA CIVIL,01ª DELEGACIA REGIONAL DE POLÍCIA DE GOIÂNIA,GOIÂNIA
NGPA - NÚCLEO DE GESTÃO DE PATRIMÔNIO E ALMOXARIFADO,DIVISÃO DE LOGÍSTICA,GOIÂNIA
NIAB - NÚCLEO INTEGRADO DE ATENÇÃO BIOPSICOSOCIAL,DIVISÃO DE PROTEÇÃO À SAÚDE DO SERVIDOR,GOIÂNIA
NMS - NÚCLEO MULTIPROFISSIONAL DE SAÚDE,DIVISÃO DE PROTEÇÃO À SAÚDE DO SERVIDOR,GOIÂNIA
NÚCLEO DE GESTÃO DE IDENTIFICAÇÃO BIOMÉTRICA,GERÊNCIA DE IDENTIFICAÇÃO,GOIÂNIA
NÚCLEO INTEGRADO DE ATENÇÃO BIOPSICOSSOCIAL,DIVISÃO DE PROTEÇÃO À SAÚDE DO SERVIDOR,GOIÂNIA
OUTROS ÓRGÃOS,GABINETE DO DELEGADO-GERAL DA POLÍCIA CIVIL,
POLÍCIA CIVIL POSTO POLICIAL DO VAPT-VUPT ANASHOPPING,03ª DELEGACIA REGIONAL DE POLÍCIA DE ANÁPOLIS,ANÁPOLIS
POLÍCIA CIVIL POSTO POLICIAL DO VAPT-VUPT BURITI SHOPPING APARECIDA DE GOIÂNIA,02ª DELEGACIA REGIONAL DE POLÍCIA DE APARECIDA DE GOIÂNIA,APARECIDA DE GOIÂNIA
POLÍCIA CIVIL POSTO POLICIAL DO VAPT-VUPT DE CATALÃO,09ª DELEGACIA REGIONAL DE POLÍCIA DE CATALÃO,CATALÃO
POSTO POLICIAL DA VILA FINSOCIAL,SUPERINTENDENCIA DE POLÍCIA JUDICIÁRIA,GOIÂNIA
POSTO POLICIAL DO HOSPITAL DE URGÊNCIAS DE GOIÂNIA,01ª DELEGACIA REGIONAL DE POLÍCIA DE GOIÂNIA,GOIÂNIA
POSTO POLICIAL DO HUGO,01ª DELEGACIA REGIONAL DE POLÍCIA DE GOIÂNIA,GOIÂNIA
SEÇÃO DE ACOMPANHAMENTO E SUPORTE AO SERVIDOR,DIVISÃO DE PROTEÇÃO À SAÚDE DO SERVIDOR,GOIÂNIA
SEÇÃO DE APOIO ADMINISTRATIVO DE TRANSPORTES,DIVISÃO DE TRANSPORTE,GOIÂNIA
SEÇÃO DE APOIO TÉCNICO EM INFORMÁTICA,DIVISÃO DE SUPORTE TÉCNICO EM INFORMÁTICA,GOIÂNIA
SEÇÃO DE ARMAMENTO E MUNIÇÕES,DIVISÃO DE ARMAMENTOS E PRODUTOS CONTROLADOS,GOIÂNIA
SEÇÃO DE ARQUITETURA E ENGENHARIA,"DIVISÃO DE ARQUITETURA, ENGENHARIA E MANUTENÇÃO",GOIÂNIA
SEÇÃO DE ARQUIVO,GERÊNCIA DE GESTÃO E FINANÇAS,GOIÂNIA
SEÇÃO DE ATENDIMENTO AO SERVIDOR,DIVISÃO DE GESTÃO DE PESSOAS,GOIÂNIA
SEÇÃO DE CONTROLE DE ABASTECIMENTO,DIVISÃO DE TRANSPORTE,GOIÂNIA
SEÇÃO DE CONTROLE DE CONTROLE INTERNO,DIVISÃO DE ASSESSORIA SETORIAL (GGF),GOIÂNIA
SEÇÃO DE CONTROLE DE DOSSIÊ,DIVISÃO DE GESTÃO DE PESSOAS,GOIÂNIA
SEÇÃO DE CONTROLE DE FREQUÊNCIA,DIVISÃO DE GESTÃO DE PESSOAS,GOIÂNIA
SEÇÃO DE CONTROLE DE FROTA,DIVISÃO DE TRANSPORTE,GOIÂNIA
SEÇÃO DE CONTROLE DE PAGAMENTOS,DIVISÃO DE GESTÃO FINANCEIRA,GOIÂNIA
SEÇÃO DE DIREITOS E DEVERES,DIVISÃO DE GESTÃO DE PESSOAS,GOIÂNIA
SEÇÃO DE ESCRITÓRIO DE GESTÃO DE PROJETOS,DIVISÃO DE MODERNIZAÇÃO E PLANEJAMENTO,GOIÂNIA
SEÇÃO DE ESCRITÓRIO DE PROCESSOS,DIVISÃO DE MODERNIZAÇÃO E PLANEJAMENTO,GOIÂNIA
SEÇÃO DE ESTATÍSTICA E INFORMAÇÕES,CHEFIA DE GABINETE,GOIÂNIA
SEÇÃO DE FOLHA DE PAGAMENTO,DIVISÃO DE GESTÃO DE PESSOAS,GOIÂNIA
SEÇÃO DE GESTÃO DE ALMOXARIFADO,DIVISÃO DE LOGÍSTICA,GOIÂNIA
SEÇÃO DE GESTÃO DE CONTRATOS,DIVISÃO DE GESTÃO FINANCEIRA,GOIÂNIA
SEÇÃO DE GESTÃO DE CONVÊNIOS,DIVISÃO DE GESTÃO FINANCEIRA,GOIÂNIA
SEÇÃO DE GESTÃO DE PATRIMÔNIO,DIVISÃO DE LOGÍSTICA,GOIÂNIA
SEÇÃO DE GESTÃO DE PESSOAL,DIVISÃO DE GESTÃO DE PESSOAS,GOIÂNIA
SEÇÃO DE GESTÃO DE PROTOCOLO,DIVISÃO DE GESTÃO ADMINISTRATIVA,GOIÂNIA
SEÇÃO DE GESTÃO DO SICAD,DIVISÃO DE GESTÃO DE PESSOAS,GOIÂNIA
SEÇÃO DE GESTÃO EM TELECOMUNICAÇÕES,DIVISÃO DE LOGÍSTICA,GOIÂNIA
SEÇÃO DE INFORMÁTICA,GERÊNCIA DE GESTÃO E FINANÇAS,GOIÂNIA
SEÇÃO DE INFRAÇÕES DE TRÂNSITO,DIVISÃO DE TRANSPORTE,GOIÂNIA
SEÇÃO DE MANUTENÇÃO PREDIAL,"DIVISÃO DE ARQUITETURA, ENGENHARIA E MANUTENÇÃO",GOIÂNIA
SEÇÃO DE OFICINA-GERAL,DIVISÃO DE TRANSPORTE,GOIÂNIA
SEÇÃO DE PATRIMÔNIO E ALMOXARIFADO,DIVISÃO DE LOGÍSTICA,GOIÂNIA
SEÇÃO DE PLANEJAMENTO E AÇÕES DO FESACOC,DIVISÃO DO FESACOC,GOIÂNIA
SEÇÃO DE PLANEJAMENTO ESTRATÉGICO,DIVISÃO DE MODERNIZAÇÃO E PLANEJAMENTO,GOIÂNIA
SEÇÃO DE PROSPECÇÃO DE RECURSOS,DIVISÃO DE MODERNIZAÇÃO E PLANEJAMENTO,GOIÂNIA
SEÇÃO DE PROTOCOLO,GERÊNCIA DE GESTÃO E FINANÇAS,GOIÂNIA
SEÇÃO DE PSICOLOGIA,DIVISÃO DE PROTEÇÃO À SAÚDE DO SERVIDOR,GOIÂNIA
SEÇÃO DE RECURSOS HUMANOS,GERÊNCIA DE GESTÃO E FINANÇAS,GOIÂNIA
SEÇÃO DE SERVIÇOS GERAIS,"DIVISÃO DE ARQUITETURA, ENGENHARIA E MANUTENÇÃO",GOIÂNIA
SEÇÃO DE TELECOMUNICAÇÕES,GERÊNCIA DE GESTÃO E FINANÇAS,GOIÂNIA
SEÇÃO DE TRANSPORTES,GERÊNCIA DE GESTÃO E FINANÇAS,GOIÂNIA
SEÇÃO DO ARQUIVO-GERAL,DIVISÃO DE GESTÃO ADMINISTRATIVA,GOIÂNIA
SEÇÃO DO DISQUE-DENÚNCIA - 197,DIVISÃO DE SUPERVISÃO DA POLÍCIA CIVIL,GOIÂNIA
"SEÇÃO SETORIAL DE MATERIAL, PATRIMÔNIO, ALMOXARIFADO E MANUTENÇÃO PREDIAL (GI)",DIVISÃO ADMINISTRATIVA (GI),GOIÂNIA
SERVIÇO E CONTROLE DE ACESSO ÀS DEPENDÊNCIAS DAS ESPECIALIZADAS,SUPERINTENDENCIA DE POLÍCIA JUDICIÁRIA,GOIÂNIA
SUBDELEGACIA DE ABADIA DE GOIÁS,16ª DELEGACIA REGIONAL DE POLÍCIA DE TRINDADE,ABADIA DE GOIÁS
SUBDELEGACIA DE ANHANGUERA,09ª DELEGACIA REGIONAL DE POLÍCIA DE CATALÃO,ANHANGUERA
SUBDELEGACIA DE ARAGOIÂNIA,16ª DELEGACIA REGIONAL DE POLÍCIA DE TRINDADE,ARAGOIÂNIA
SUBDELEGACIA DE ARAGUAPAZ,04ª DELEGACIA REGIONAL DE POLÍCIA DA CIDADE DE GOIÁS,ARAGUAPAZ
SUBDELEGACIA DE BOM JARDIM DE GOIÁS,07ª DELEGACIA REGIONAL DE POLÍCIA DE IPORÁ,BOM JARDIM DE GOIÁS
SUBDELEGACIA DE BONFINÓPOLIS,02ª DELEGACIA REGIONAL DE POLÍCIA DE APARECIDA DE GOIÂNIA,BONFINÓPOLIS
SUBDELEGACIA DE BRITÂNIA,04ª DELEGACIA REGIONAL DE POLÍCIA DA CIDADE DE GOIÁS,BRITÂNIA
SUBDELEGACIA DE CACHOEIRA DOURADA,06ª DELEGACIA REGIONAL DE POLÍCIA DE ITUMBIARA,CACHOEIRA DOURADA
SUBDELEGACIA DE CAMPO ALEGRE DE GOIÁS,09ª DELEGACIA REGIONAL DE POLÍCIA DE CATALÃO,CAMPO ALEGRE DE GOIÁS
SUBDELEGACIA DE CEZARINA,07ª DELEGACIA REGIONAL DE POLÍCIA DE IPORÁ,CEZARINA
SUBDELEGACIA DE CHAPADÃO DO CÉU,14ª DELEGACIA REGIONAL DE POLÍCIA DE JATAÍ,CHAPADÃO DO CÉU
SUBDELEGACIA DE COCALZINHO DE GOIÁS,05ª DELEGACIA REGIONAL DE POLÍCIA DE LUZIÂNIA,COCALZINHO DE GOIÁS
SUBDELEGACIA DE CRISTIANÓPOLIS,19ª DELEGACIA REGIONAL DE POLÍCIA DE CALDAS NOVAS,CRISTIANÓPOLIS
SUBDELEGACIA DE DAVINÓPOLIS,09ª DELEGACIA REGIONAL DE POLÍCIA DE CATALÃO,DAVINÓPOLIS
SUBDELEGACIA DE DIORAMA,07ª DELEGACIA REGIONAL DE POLÍCIA DE IPORÁ,DIORAMA
SUBDELEGACIA DE FAINA,04ª DELEGACIA REGIONAL DE POLÍCIA DA CIDADE DE GOIÁS,FAINA
SUBDELEGACIA DE FLORES DE GOIÁS,11ª DELEGACIA REGIONAL DE POLÍCIA DE FORMOSA,FLORES DE GOIÁS
SUBDELEGACIA DE INDIARA,08ª DELEGACIA REGIONAL DE POLÍCIA DE RIO VERDE,INDIARA
SUBDELEGACIA DE JAUPACI,07ª DELEGACIA REGIONAL DE POLÍCIA DE IPORÁ,JAUPACI
SUBDELEGACIA DE MAIRIPOTABA,19ª DELEGACIA REGIONAL DE POLÍCIA DE CALDAS NOVAS,MAIRIPOTABA
SUBDELEGACIA DE MARZAGÃO,19ª DELEGACIA REGIONAL DE POLÍCIA DE CALDAS NOVAS,MARZAGÃO
SUBDELEGACIA DE MATRINCHÃ,04ª DELEGACIA REGIONAL DE POLÍCIA DA CIDADE DE GOIÁS,MATRINCHÃ
SUBDELEGACIA DE MUNDO NOVO,12ª DELEGACIA REGIONAL DE POLÍCIA DE PORANGATU,MUNDO NOVO
SUBDELEGACIA DE MUTUNÓPOLIS,12ª DELEGACIA REGIONAL DE POLÍCIA DE PORANGATU,MUTUNÓPOLIS
SUBDELEGACIA DE NOVA AURORA,09ª DELEGACIA REGIONAL DE POLÍCIA DE CATALÃO,AURORA
SUBDELEGACIA DE NOVA CRIXÁS,04ª DELEGACIA REGIONAL DE POLÍCIA DA CIDADE DE GOIÁS,NOVA CRIXÁS
SUBDELEGACIA DE NOVO BRASIL,04ª DELEGACIA REGIONAL DE POLÍCIA DA CIDADE DE GOIÁS,NOVO BRASIL
SUBDELEGACIA DE NOVO PLANALTO,12ª DELEGACIA REGIONAL DE POLÍCIA DE PORANGATU,NOVO PLANALTO
SUBDELEGACIA DE OUVIDOR,09ª DELEGACIA REGIONAL DE POLÍCIA DE CATALÃO,OUVIDOR
SUBDELEGACIA DE POLÍCIA DE CABECEIRAS,11ª DELEGACIA REGIONAL DE POLÍCIA DE FORMOSA,CABECEIRAS
SUBDELEGACIA DE POLÍCIA DE NOVA GLÓRIA,10ª DELEGACIA REGIONAL DE POLÍCIA DE CERES,NOVA GLÓRIA
SUBDELEGACIA DE POLÍCIA DE NOVA VENEZA,16ª DELEGACIA REGIONAL DE POLÍCIA DE TRINDADE,NOVA VENEZA
SUBDELEGACIA DE POLÍCIA DE PORTEIRÃO,08ª DELEGACIA REGIONAL DE POLÍCIA DE RIO VERDE,PORTEIRÃO
SUBDELEGACIA DE POLÍCIA DE TEREZÓPOLIS DE GOIÁS,03ª DELEGACIA REGIONAL DE POLÍCIA DE ANÁPOLIS,TEREZÓPOLIS DE GOIÁS
SUBDELEGACIA DE PROFESSOR JAMIL,19ª DELEGACIA REGIONAL DE POLÍCIA DE CALDAS NOVAS,PROFESSOR JAMIL
SUBDELEGACIA DE RIO QUENTE,19ª DELEGACIA REGIONAL DE POLÍCIA DE CALDAS NOVAS,RIO QUENTE
SUBDELEGACIA DE SÃO FRANCISCO DE GOIÁS,15ª DELEGACIA REGIONAL DE POLÍCIA DE GOIANÉSIA,SÃO FRANCISCO DE GOIÁS
SUBDELEGACIA DE SÃO LUIZ DO NORTE,18ª DELEGACIA REGIONAL DE POLÍCIA DE URUAÇU,SÃO LUIZ DO NORTE
SUBDELEGACIA DE SÃO MIGUEL DO PASSA QUATRO,09ª DELEGACIA REGIONAL DE POLÍCIA DE CATALÃO,SÃO MIGUEL DO PASSA QUATRO
SUBDELEGACIA DE SERRANÓPOLIS,14ª DELEGACIA REGIONAL DE POLÍCIA DE JATAÍ,SERRANÓPOLIS
SUBDELEGACIA DE TERESINA DE GOIÁS,13ª DELEGACIA REGIONAL DE POLÍCIA DE POSSE,TERESINA DE GOIAS
SUBDELEGACIA DE TRÊS RANCHOS,09ª DELEGACIA REGIONAL DE POLÍCIA DE CATALÃO,TRÊS RANCHOS
SUBDELEGACIA DE VICENTINÓPOLIS,06ª DELEGACIA REGIONAL DE POLÍCIA DE ITUMBIARA,VICENTINÓPOLIS
SUPERINTENDENCIA DE POLÍCIA JUDICIÁRIA,DIRETORIA GERAL DE POLÍCIA CIVIL,GOIÂNIA
SUPERINTENDÊNCIA DE POLÍCIA TECNICO-CIENTÍFICA,DIRETORIA GERAL DE POLÍCIA CIVIL,GOIÂNIA
UNIDADE DE INTELIGÊNCIA DA CIDADE DE GOIÁS,GERÊNCIA DE OPERAÇÕES DE INTELIGÊNCIA DA POLÍCIA CIVIL,CIDADE DE GOIÁS
UNIDADE DE INTELIGÊNCIA DE ÁGUAS LINDAS DE GOIÁS,GERÊNCIA DE OPERAÇÕES DE INTELIGÊNCIA DA POLÍCIA CIVIL,ÁGUAS LINDAS DE GOIÁS
UNIDADE DE INTELIGÊNCIA DE ANÁPOLIS,GERÊNCIA DE OPERAÇÕES DE INTELIGÊNCIA DA POLÍCIA CIVIL,ANÁPOLIS
UNIDADE DE INTELIGÊNCIA DE CATALÃO,GERÊNCIA DE OPERAÇÕES DE INTELIGÊNCIA DA POLÍCIA CIVIL,CATALÃO
UNIDADE DE INTELIGÊNCIA DE CERES,GERÊNCIA DE OPERAÇÕES DE INTELIGÊNCIA DA POLÍCIA CIVIL,CERES
UNIDADE DE INTELIGÊNCIA DE FORMOSA,GERÊNCIA DE OPERAÇÕES DE INTELIGÊNCIA DA POLÍCIA CIVIL,FORMOSA
UNIDADE DE INTELIGÊNCIA DE GOIANÉSIA,GERÊNCIA DE OPERAÇÕES DE INTELIGÊNCIA DA POLÍCIA CIVIL,GOIANÉSIA
UNIDADE DE INTELIGÊNCIA DE IPORÁ,GERÊNCIA DE OPERAÇÕES DE INTELIGÊNCIA DA POLÍCIA CIVIL,IPORÁ
UNIDADE DE INTELIGÊNCIA DE ITUMBIARA,GERÊNCIA DE OPERAÇÕES DE INTELIGÊNCIA DA POLÍCIA CIVIL,ITUMBIARA
UNIDADE DE INTELIGÊNCIA DE JATAÍ,GERÊNCIA DE OPERAÇÕES DE INTELIGÊNCIA DA POLÍCIA CIVIL,JATAÍ
UNIDADE DE INTELIGÊNCIA DE LUZIÂNIA,GERÊNCIA DE OPERAÇÕES DE INTELIGÊNCIA DA POLÍCIA CIVIL,LUZIÂNIA
UNIDADE DE INTELIGÊNCIA DE PORANGATU,GERÊNCIA DE OPERAÇÕES DE INTELIGÊNCIA DA POLÍCIA CIVIL,PORANGATU
UNIDADE DE INTELIGÊNCIA DE URUAÇU,GERÊNCIA DE OPERAÇÕES DE INTELIGÊNCIA DA POLÍCIA CIVIL,URUAÇU
UNIDADE SETORIAL DE CONTABILIDADE,DIVISÃO DE ASSESSORIA SETORIAL (GGF),GOIÂNIA
VAPT-VUPT CIDADE JARDIM,01ª DELEGACIA REGIONAL DE POLÍCIA DE GOIÂNIA,GOIÂNIA
